example_index,question,gold_answer,predicted_answer,method_name,exact_match,token_f1,supporting_title_recall,reader_confidence,question_type,sub_questions,rewritten_sub_questions,retrieved_titles
0,Were Scott Derrickson and Ed Wood of the same nationality?,yes,American,vanilla_rag,0.0,0.0,0.0,0.004848552327871403,comparison,['Were Scott Derrickson and Ed Wood of the same nationality?'],['Were Scott Derrickson and Ed Wood of the same nationality?'],"['Ed Wood (film)', 'Woodson, Arkansas', 'Doctor Strange (2016 film)', 'Sinister (film)']"
1,What government position was held by the woman who portrayed Corliss Archer in the film Kiss and Tell?,Chief of Protocol,Shirley Temple,vanilla_rag,0.0,0.0,0.5,0.009997626766562462,bridge,['What government position was held by the woman who portrayed Corliss Archer in the film Kiss and Tell?'],['What government position was held by the woman who portrayed Corliss Archer in the film Kiss and Tell?'],"['Kiss and Tell (1945 film)', 'A Kiss for Corliss', 'Meet Corliss Archer (TV series)', 'Janet Waldo']"
2,"What science fantasy young adult series, told in first person, has a set of companion books narrating the stories of enslaved worlds and alien species?",Animorphs,Animorphs,vanilla_rag,1.0,1.0,1.0,0.19566359571763314,bridge,"['What science fantasy young adult series, told in first person, has a set of companion books narrating the stories of enslaved worlds and alien species?']","['What science fantasy young adult series, told in first person, has a set of companion books narrating the stories of enslaved worlds and alien species?']","['Animorphs', 'Victoria Hanley', 'The Hork-Bajir Chronicles', 'Starship Troupers']"
3,Are the Laleli Mosque and Esma Sultan Mansion located in the same neighborhood?,no,Ortaköy,vanilla_rag,0.0,0.0,1.0,0.06537412153556943,comparison,['Are the Laleli Mosque and Esma Sultan Mansion located in the same neighborhood?'],['Are the Laleli Mosque and Esma Sultan Mansion located in the same neighborhood?'],"['Esma Sultan Mansion', 'Laleli Mosque', 'Sultan Ahmed Mosque', 'Djamaâ el Kebir']"
4,"The director of the romantic comedy ""Big Stone Gap"" is based in what New York city?","Greenwich Village, New York City",Adriana Trigiani,vanilla_rag,0.0,0.0,0.5,0.10670924835721962,bridge,"['The director of the romantic comedy ""Big Stone Gap"" is based in what New York city?']","['The director of the romantic comedy ""Big Stone Gap"" is based in what New York city?']","['Big Stone Gap (film)', 'Kingston Morning', 'Clinton, Minnesota', 'I Love NY (2015 film)']"
5,2014 S/S is the debut album of a South Korean boy group that was formed by who?,YG Entertainment,FNC Entertainment,vanilla_rag,0.0,0.5,0.5,0.06229791417717934,bridge,['2014 S/S is the debut album of a South Korean boy group that was formed by who?'],['2014 S/S is the debut album of a South Korean boy group that was formed by who?'],"['2014 S/S', 'Seventeen discography', 'History (band)', 'SF9 (band)']"
6,Who was known by his stage name Aladin and helped organizations improve their performance as a consultant?,Eenasul Fateh,Eenasul Fateh,vanilla_rag,1.0,1.0,1.0,0.0538885175192263,bridge,['Who was known by his stage name Aladin and helped organizations improve their performance as a consultant?'],['Who was known by his stage name Aladin and helped organizations improve their performance as a consultant?'],"['Eenasul Fateh', 'Management consulting', 'ELDee', 'Method Man']"
7,The arena where the Lewiston Maineiacs played their home games can seat how many people?,"3,677 seated","1,400",vanilla_rag,0.0,0.0,0.5,0.3004048466682434,bridge,['The arena where the Lewiston Maineiacs played their home games can seat how many people?'],['The arena where the Lewiston Maineiacs played their home games can seat how many people?'],"['Dwyer Arena', 'Lewiston Maineiacs', '2006–07 QMJHL season', 'ArenaBowl XIII']"
8,"Who is older, Annie Morton or Terry Richardson?",Terry Richardson,Lady Gaga,vanilla_rag,0.0,0.0,0.5,0.012928578187711537,bridge,"['Who is older, Annie Morton or Terry Richardson?']","['Who is older, Annie Morton or Terry Richardson?']","['Annie Morton', 'Kenton Richardson', 'Lady Gaga x Terry Richardson', 'Gumbo (PJ Morton album)']"
9,Are Local H and For Against both from the United States?,yes,the builder of the house has not been determined,vanilla_rag,0.0,0.0,0.5,0.00016988515562843531,comparison,['Are Local H and For Against both from the United States?'],['Are Local H and For Against both from the United States?'],"['Amherst, Massachusetts', 'William H. Cook Water Tank House', 'Local H', 'Mendocino County GMO Ban']"
10,"What is the name of the fight song of the university whose main campus is in Lawrence, Kansas and whose branch campuses are in the Kansas City metropolitan area?",Kansas Song,Kansas Song (We’re From Kansas,vanilla_rag,0.0,0.5714285714285715,1.0,0.11761308461427689,bridge,"['What is the name of the fight song of the university whose main campus is in Lawrence, Kansas and whose branch campuses are in the Kansas City metropolitan area?']","['What is the name of the fight song of the university whose main campus is in Lawrence, Kansas and whose branch campuses are in the Kansas City metropolitan area?']","['University of Kansas', 'Kansas Song', 'University of Missouri–Kansas City', 'Downtown Kansas City']"
11,"What screenwriter with credits for ""Evolution"" co-wrote a film starring Nicolas Cage and Téa Leoni?",David Weissman,David Weissman,vanilla_rag,1.0,1.0,1.0,0.03610728213607217,bridge,"['What screenwriter with credits for ""Evolution"" co-wrote a film starring Nicolas Cage and Téa Leoni?']","['What screenwriter with credits for ""Evolution"" co-wrote a film starring Nicolas Cage and Téa Leoni?']","['The Family Man', 'David Weissman', 'Deadfall (1993 film)', 'It Could Happen to You (1994 film)']"
12,What year did Guns N Roses perform a promo for a movie starring Arnold Schwarzenegger as a former New York Police detective?,1999,1999,vanilla_rag,1.0,1.0,1.0,0.11799072776921093,bridge,['What year did Guns N Roses perform a promo for a movie starring Arnold Schwarzenegger as a former New York Police detective?'],['What year did Guns N Roses perform a promo for a movie starring Arnold Schwarzenegger as a former New York Police detective?'],"[""Guns N' Roses discography"", ""Oh My God (Guns N' Roses song)"", 'Arnold Schwarzenegger filmography', 'End of Days (film)']"
13,Are Random House Tower and 888 7th Avenue both used for real estate?,no,luxury apartment complex,vanilla_rag,0.0,0.0,1.0,0.051474254578351974,comparison,['Are Random House Tower and 888 7th Avenue both used for real estate?'],['Are Random House Tower and 888 7th Avenue both used for real estate?'],"['Random House Tower', 'Pershing Square Capital Management', '888 7th Avenue', 'Real estate technology']"
14,The football manager who recruited David Beckham managed Manchester United during what timeframe?,from 1986 to 2013,1903–1912,vanilla_rag,0.0,0.0,0.5,0.0685819648206234,bridge,['The football manager who recruited David Beckham managed Manchester United during what timeframe?'],['The football manager who recruited David Beckham managed Manchester United during what timeframe?'],"['Ernest Mangnall', 'Joshua Parlby', 'Matt Busby', 'Alex Ferguson']"
15,Brown State Fishing Lake is in a country that has a population of how many inhabitants ?,"9,984",Kansas,vanilla_rag,0.0,0.0,0.5,0.0005732785517693628,bridge,['Brown State Fishing Lake is in a country that has a population of how many inhabitants ?'],['Brown State Fishing Lake is in a country that has a population of how many inhabitants ?'],"['Brown State Fishing Lake', 'Osage State Fishing Lake', 'Neosho State Fishing Lake', 'Fishing Lake']"
16,The Vermont Catamounts men's soccer team currently competes in a conference that was formerly known as what from 1988 to 1996?,the North Atlantic Conference,America East Conference,vanilla_rag,0.0,0.3333333333333333,0.5,0.10439102916114962,bridge,"[""The Vermont Catamounts men's soccer team currently competes in a conference that was formerly known as what from 1988 to 1996?""]","[""The Vermont Catamounts men's soccer team currently competes in a conference that was formerly known as what from 1988 to 1996?""]","[""Vermont Catamounts men's soccer"", ""Vermont Catamounts men's basketball"", ""Vermont Catamounts men's ice hockey"", ""2010–11 Vermont Catamounts men's basketball team""]"
17,Are Giuseppe Verdi and Ambroise Thomas both Opera composers ?,yes,Giuseppe Verdi,vanilla_rag,0.0,0.0,0.5,0.0004447985756996786,comparison,['Are Giuseppe Verdi and Ambroise Thomas both Opera composers ?'],['Are Giuseppe Verdi and Ambroise Thomas both Opera composers ?'],"['Giuseppe Verdi', 'Ferdinando Provesi', 'Verdi, the King of Melody', 'Giuseppe Verdi (film)']"
18,Roger O. Egeberg was Assistant Secretary for Health and Scientific Affairs during the administration of a president that served during what years?,1969 until 1974,Nixon,vanilla_rag,0.0,0.0,0.5,0.469243086874485,bridge,['Roger O. Egeberg was Assistant Secretary for Health and Scientific Affairs during the administration of a president that served during what years?'],['Roger O. Egeberg was Assistant Secretary for Health and Scientific Affairs during the administration of a president that served during what years?'],"['Roger O. Egeberg', 'Robert Hormats', 'Steven K. Galson', 'Nelson Rockefeller']"
19,"Which writer was from England, Henry Roth or Robert Erskine Childers?",Robert Erskine Childers DSC,Robert Caesar Childers,vanilla_rag,0.0,0.5714285714285715,0.5,7.4402046834620705e-06,comparison,"['Which writer was from England, Henry Roth or Robert Erskine Childers?']","['Which writer was from England, Henry Roth or Robert Erskine Childers?']","['Erskine Barton Childers', 'Robert Erskine Childers', 'Robert Caesar Childers', 'Molly Childers']"
20,Which other Mexican Formula One race car driver has held the podium besides the Force India driver born in 1990?,Pedro Rodríguez,Sergio Pérez,vanilla_rag,0.0,0.0,0.5,0.7400060645159101,bridge,['Which other Mexican Formula One race car driver has held the podium besides the Force India driver born in 1990?'],['Which other Mexican Formula One race car driver has held the podium besides the Force India driver born in 1990?'],"['Formula One drivers from Mexico', 'Eduardo Troconis', '2009 Singapore Grand Prix', 'Michael James Lewis']"
21,This singer of A Rather Blustery Day also voiced what hedgehog?,Sonic,Pooh,vanilla_rag,0.0,0.0,0.5,0.0007821299977877061,bridge,['This singer of A Rather Blustery Day also voiced what hedgehog?'],['This singer of A Rather Blustery Day also voiced what hedgehog?'],"['A Rather Blustery Day', 'Kate Higgins', 'Phil Baron', 'Hip Hip Pooh-Ray!']"
22,"Aside from the Apple Remote, what other device can control the program Apple Remote was originally designed to interact with?",keyboard function keys,VCR remote,vanilla_rag,0.0,0.0,0.5,0.21583598852157593,bridge,"['Aside from the Apple Remote, what other device can control the program Apple Remote was originally designed to interact with?']","['Aside from the Apple Remote, what other device can control the program Apple Remote was originally designed to interact with?']","['Apple Remote', 'Siri Remote', 'Universal remote', 'Apple Remote Desktop']"
23,"Which performance act has a higher instrument to person ratio, Badly Drawn Boy or Wolf Alice? ",Badly Drawn Boy,Badly Drawn Boy,vanilla_rag,1.0,1.0,0.0,0.0002927113455371,comparison,"['Which performance act has a higher instrument to person ratio, Badly Drawn Boy or Wolf Alice? ']","['Which performance act has a higher instrument to person ratio, Badly Drawn Boy or Wolf Alice? ']","['Under an Hour', 'About a Boy (soundtrack)', 'The Hour of Bewilderbeast', 'Badly Drawn Boy discography']"
24,What was the father of Kasper Schmeichel voted to be by the IFFHS in 1992?,World's Best Goalkeeper,Peter Schmeichel,vanilla_rag,0.0,0.0,1.0,0.11791874468326569,bridge,['What was the father of Kasper Schmeichel voted to be by the IFFHS in 1992?'],['What was the father of Kasper Schmeichel voted to be by the IFFHS in 1992?'],"['Peter Schmeichel', 'Kasper Schmeichel', 'Kasper Hvidt', ""IFFHS World's Best Club Coach""]"
25,Who was the writer of These Boots Are Made for Walkin' and who died in 2007?,Barton Lee Hazlewood,Lee Hazlewood,vanilla_rag,0.0,0.8,0.5,0.09252577192637546,bridge,"[""Who was the writer of These Boots Are Made for Walkin' and who died in 2007?""]","[""Who was the writer of These Boots Are Made for Walkin' and who died in 2007?""]","['Boots (EP)', 'Boots (album)', ""These Boots Are Made for Walkin'"", 'Nancy Sinatra']"
26,"The 2011–12 VCU Rams men's basketball team, led by third year head coach Shaka Smart, represented Virginia Commonwealth University which was founded in what year?",1838,2011–12,vanilla_rag,0.0,0.0,0.5,0.00028408318394212984,bridge,"[""The 2011–12 VCU Rams men's basketball team, led by third year head coach Shaka Smart, represented Virginia Commonwealth University which was founded in what year?""]","[""The 2011–12 VCU Rams men's basketball team, led by third year head coach Shaka Smart, represented Virginia Commonwealth University which was founded in what year?""]","[""2011–12 VCU Rams men's basketball team"", ""2015–16 VCU Rams men's basketball team"", ""2009–10 VCU Rams men's basketball team"", ""2013–14 VCU Rams men's basketball team""]"
27,"Are both Dictyosperma, and Huernia described as a genus?",yes,"Stapelia"" and ""Hoodia"".",vanilla_rag,0.0,0.0,1.0,0.02604401297867298,comparison,"['Are both Dictyosperma, and Huernia described as a genus?']","['Are both Dictyosperma, and Huernia described as a genus?']","['Huernia', 'Dictyosperma', 'Fragaria', 'Volvopluteus michiganensis']"
28,Kaiser Ventures corporation was founded by an American industrialist who became known as the father of modern American shipbuilding?,Henry J. Kaiser,Henry J. Kaiser,vanilla_rag,1.0,1.0,1.0,0.15770173589407932,bridge,['Kaiser Ventures corporation was founded by an American industrialist who became known as the father of modern American shipbuilding?'],['Kaiser Ventures corporation was founded by an American industrialist who became known as the father of modern American shipbuilding?'],"['Henry J. Kaiser', 'Kaiser Shipyards', 'Kaiser Ventures', 'Edgar Kaiser Sr.']"
29,"What is the name for the adventure in ""Tunnels and Trolls"", a game designed by Ken St. Andre?",Arena of Khazan,Arena of Khazan,vanilla_rag,1.0,1.0,1.0,0.17787857353687286,bridge,"['What is the name for the adventure in ""Tunnels and Trolls"", a game designed by Ken St. Andre?']","['What is the name for the adventure in ""Tunnels and Trolls"", a game designed by Ken St. Andre?']","['Tunnels &amp; Trolls', 'Ken St. Andre', 'Tunnels &amp; Trolls: Crusaders of Khazan', 'Arena of Khazan']"
30,"When was Poison's album ""Shut Up, Make Love"" released?",2000,2002,vanilla_rag,0.0,0.0,1.0,0.25332483649253845,bridge,"['When was Poison\'s album ""Shut Up, Make Love"" released?']","['When was Poison\'s album ""Shut Up, Make Love"" released?']","['Shut Up, Make Love', 'Be the One (Poison song)', 'Poison (American band)', 'Mind If We Make Love to You']"
31,"Hayden is a singer-songwriter from Canada, but where does Buck-Tick hail from?","Fujioka, Gunma","Thornhill, Ontario",vanilla_rag,0.0,0.0,1.0,0.31399531004717574,comparison,"['Hayden is a singer-songwriter from Canada, but where does Buck-Tick hail from?']","['Hayden is a singer-songwriter from Canada, but where does Buck-Tick hail from?']","['Atsushi Sakurai', 'Hayden (musician)', 'Masami Tsuchiya', 'Buck-Tick']"
32,Which  French ace pilot and adventurer fly L'Oiseau Blanc,Charles Eugène,François Coli,vanilla_rag,0.0,0.0,1.0,0.048734484706074,bridge,"[""Which  French ace pilot and adventurer fly L'Oiseau Blanc""]","[""Which  French ace pilot and adventurer fly L'Oiseau Blanc""]","['François Coli', 'Charles Nungesser', ""L'Oiseau Blanc"", 'Gervais Raoul Lufbery']"
33,Are Freakonomics and In the Realm of the Hackers both American documentaries?,no,Freakonomics: The Movie,vanilla_rag,0.0,0.0,1.0,0.00037488879752345383,comparison,['Are Freakonomics and In the Realm of the Hackers both American documentaries?'],['Are Freakonomics and In the Realm of the Hackers both American documentaries?'],"['In the Realm of the Hackers', 'Freakonomics (film)', 'Hackers (film)', 'Freakonomics Radio']"
34,"Which band, Letters to Cleo or Screaming Trees, had more members?",Letters to Cleo,Soundgarden,vanilla_rag,0.0,0.0,1.0,0.031969498842954636,comparison,"['Which band, Letters to Cleo or Screaming Trees, had more members?']","['Which band, Letters to Cleo or Screaming Trees, had more members?']","['Screaming Trees discography', 'Letters to Cleo', 'Screaming Trees', 'Truly']"
35,Alexander Kerensky was defeated and destroyed by the Bolsheviks in the course of a civil war that ended when ?,October 1922,persecution,vanilla_rag,0.0,0.0,0.5,0.6813469417393208,bridge,['Alexander Kerensky was defeated and destroyed by the Bolsheviks in the course of a civil war that ended when ?'],['Alexander Kerensky was defeated and destroyed by the Bolsheviks in the course of a civil war that ended when ?'],"['Socialist Revolutionary Party', 'Kerensky–Krasnov uprising', 'Lavr Kornilov', 'Alexander Kerensky']"
36,Seven Brief Lessons on Physics was written by an Italian physicist that has worked in France since what year?,2000,2000,vanilla_rag,1.0,1.0,1.0,0.9311376214027405,bridge,['Seven Brief Lessons on Physics was written by an Italian physicist that has worked in France since what year?'],['Seven Brief Lessons on Physics was written by an Italian physicist that has worked in France since what year?'],"['Seven Brief Lessons on Physics', 'Carlo Rovelli', 'Chiara Nappi', 'Guido Caldarelli']"
37,"The Livesey Hal War Memorial commemorates the fallen of which war, that had over 60 million casualties?",World War II,World War I and World War II,vanilla_rag,0.0,0.6,0.5,0.0831134095788002,bridge,"['The Livesey Hal War Memorial commemorates the fallen of which war, that had over 60 million casualties?']","['The Livesey Hal War Memorial commemorates the fallen of which war, that had over 60 million casualties?']","['Livesey Hall War Memorial', 'Rainham War Memorial', 'Freetown Memorial', 'Alamein Memorial']"
38,Are both Elko Regional Airport and Gerald R. Ford International Airport located in Michigan?,no,Michigan,vanilla_rag,0.0,0.0,1.0,0.015764299780130386,comparison,['Are both Elko Regional Airport and Gerald R. Ford International Airport located in Michigan?'],['Are both Elko Regional Airport and Gerald R. Ford International Airport located in Michigan?'],"['Gerald R. Ford International Airport', 'Elko Regional Airport', 'Gerald R. Ford Presidential Library', 'Gerald R. Ford Freeway']"
39,Ralph Hefferline was a psychology professor at a university that is located in what city?,New York City,Columbia,vanilla_rag,0.0,0.0,0.5,0.346047580242157,bridge,['Ralph Hefferline was a psychology professor at a university that is located in what city?'],['Ralph Hefferline was a psychology professor at a university that is located in what city?'],"['Ralph Hefferline', 'E. Mavis Hetherington', 'Princeton Neuroscience Institute', 'Kimberly Young']"
40,Which dog's ancestors include Gordon and Irish Setters: the Manchester Terrier or the Scotch Collie?,Scotch Collie,English Setter,vanilla_rag,0.0,0.0,1.0,0.008682994521223009,comparison,"[""Which dog's ancestors include Gordon and Irish Setters: the Manchester Terrier or the Scotch Collie?""]","[""Which dog's ancestors include Gordon and Irish Setters: the Manchester Terrier or the Scotch Collie?""]","['Scotch Collie', 'English Setter', 'Toy Manchester Terrier', 'Manchester Terrier']"
41,Where is the company that Sachin Warrier worked for as a software engineer headquartered? ,Mumbai,Tata Consultancy Services,vanilla_rag,0.0,0.0,0.5,0.773001492023468,bridge,['Where is the company that Sachin Warrier worked for as a software engineer headquartered? '],['Where is the company that Sachin Warrier worked for as a software engineer headquartered? '],"['Sachin Warrier', 'Sachin Bansal', 'William Connolley', 'Keith Bostic']"
42,"A Japanese manga series based on a 16 year old high school student Ichitaka Seto, is written and illustrated by someone born in what year?",1962,Masakazu Katsura,vanilla_rag,0.0,0.0,0.5,0.08201950788497925,bridge,"['A Japanese manga series based on a 16 year old high school student Ichitaka Seto, is written and illustrated by someone born in what year?']","['A Japanese manga series based on a 16 year old high school student Ichitaka Seto, is written and illustrated by someone born in what year?']","['I&quot;s', 'The Kindaichi Case Files', 'Manga Bible (series)', ""Haven't You Heard? I'm Sakamoto""]"
43,The battle in which Giuseppe Arimondi lost his life secured what for Ethiopia?,sovereignty,Ethiopian sovereignty,vanilla_rag,0.0,0.6666666666666666,1.0,0.4996853172779083,bridge,['The battle in which Giuseppe Arimondi lost his life secured what for Ethiopia?'],['The battle in which Giuseppe Arimondi lost his life secured what for Ethiopia?'],"['Battle of Adwa', 'Giuseppe Arimondi', 'Treaty of Addis Ababa', 'First Italo-Ethiopian War']"
44,Alfred Balk served as the secretary of the Committee on the Employment of Minority Groups in the News Media under which United States Vice President?,Nelson Rockefeller,Nelson Rockefeller,vanilla_rag,1.0,1.0,0.5,0.10082226246595383,bridge,['Alfred Balk served as the secretary of the Committee on the Employment of Minority Groups in the News Media under which United States Vice President?'],['Alfred Balk served as the secretary of the Committee on the Employment of Minority Groups in the News Media under which United States Vice President?'],"['Alfred Balk', 'Cynthia Hogan', 'Executive Order 10925', 'Robert R. Hood']"
45,"A medieval fortress in Dirleton, East Lothian, Scotland borders on the south side of what coastal area?",Yellowcraig,Firth of Forth,vanilla_rag,0.0,0.0,0.5,0.45901611144654453,bridge,"['A medieval fortress in Dirleton, East Lothian, Scotland borders on the south side of what coastal area?']","['A medieval fortress in Dirleton, East Lothian, Scotland borders on the south side of what coastal area?']","['Dirleton Castle', 'Lothian and Borders', 'Scottish Borders', 'Dirleton Kirk']"
46,Who is the writer of this song that was inspired by words on a tombstone and was the first track on the box set Back to Mono?,Phil Spector,Gerry Goffin and Russ Titelman,vanilla_rag,0.0,0.0,1.0,0.944487452507019,bridge,['Who is the writer of this song that was inspired by words on a tombstone and was the first track on the box set Back to Mono?'],['Who is the writer of this song that was inspired by words on a tombstone and was the first track on the box set Back to Mono?'],"['Back to Mono (1958–1969)', 'Mono Masters', 'Yes I Will', 'To Know Him Is to Love Him']"
47,What type of forum did a former Soviet statesman initiate?,Organizations could come together to address global issues,historians,vanilla_rag,0.0,0.0,0.5,0.10682713985443115,bridge,['What type of forum did a former Soviet statesman initiate?'],['What type of forum did a former Soviet statesman initiate?'],"['Mikhail Gorbachev', 'Mikhail Suslov', 'Nikolai Podgorny', 'Sergo Mikoyan']"
48,Are Ferocactus and Silene both types of plant?,yes,Silene antirrhina,vanilla_rag,0.0,0.0,0.0,0.0010248575126752257,comparison,['Are Ferocactus and Silene both types of plant?'],['Are Ferocactus and Silene both types of plant?'],"['Silene menziesii', 'Sex determination in Silene', 'Silene stenophylla', 'Silene antirrhina']"
49,Which British first-generation jet-powered medium bomber was used in the South West Pacific theatre of World War II?,English Electric Canberra,English Electric Canberra,vanilla_rag,1.0,1.0,0.5,0.5274210497736931,bridge,['Which British first-generation jet-powered medium bomber was used in the South West Pacific theatre of World War II?'],['Which British first-generation jet-powered medium bomber was used in the South West Pacific theatre of World War II?'],"['English Electric Canberra', 'Edwin A. Doss', 'South West Pacific theatre of World War II', 'Savoia-Marchetti SM.79']"
50,Which year and which conference was the 14th season for this conference as part of the NCAA Division that the Colorado Buffaloes played in with a record of 2-6 in conference play?,2009 Big 12 Conference,Pac-12,vanilla_rag,0.0,0.0,0.5,0.01220755503163673,bridge,['Which year and which conference was the 14th season for this conference as part of the NCAA Division that the Colorado Buffaloes played in with a record of 2-6 in conference play?'],['Which year and which conference was the 14th season for this conference as part of the NCAA Division that the Colorado Buffaloes played in with a record of 2-6 in conference play?'],"['2011 Colorado Buffaloes football team', '2009 Colorado Buffaloes football team', '2014 Colorado Buffaloes football team', '2012 Colorado Buffaloes football team']"
51,In 1991 Euromarché was bought by a chain that operated how any hypermarkets at the end of 2016?,"1,462",Owen Owen,vanilla_rag,0.0,0.0,0.5,3.856771968457906e-05,bridge,['In 1991 Euromarché was bought by a chain that operated how any hypermarkets at the end of 2016?'],['In 1991 Euromarché was bought by a chain that operated how any hypermarkets at the end of 2016?'],"['Euromarché', 'SavaCentre', 'Tesco Extra', ""Lewis's""]"
52,What race track in the midwest hosts a 500 mile race eavery May?,Indianapolis Motor Speedway,Indianapolis Motor Speedway,vanilla_rag,1.0,1.0,0.0,0.0032261584419757128,bridge,['What race track in the midwest hosts a 500 mile race eavery May?'],['What race track in the midwest hosts a 500 mile race eavery May?'],"['Carolina Dodge Dealers 400', 'Subway 400', 'Subway 400', 'Allison Transmission']"
53,"In what city did the ""Prince of tenors"" star in a film based on an opera by Giacomo Puccini?",Rome,Turin,vanilla_rag,0.0,0.0,0.0,0.010783503343191114,bridge,"['In what city did the ""Prince of tenors"" star in a film based on an opera by Giacomo Puccini?']","['In what city did the ""Prince of tenors"" star in a film based on an opera by Giacomo Puccini?']","['Festival Puccini', 'Gianni Schicchi', 'La Bohème (1988 film)', 'Cesira Ferrani']"
54,"Ellie Goulding worked with what other writers on her third studio album, Delirium?","Max Martin, Savan Kotecha and Ilya Salmanzadeh",Delirium World Tour,vanilla_rag,0.0,0.0,0.5,0.042740709614008665,bridge,"['Ellie Goulding worked with what other writers on her third studio album, Delirium?']","['Ellie Goulding worked with what other writers on her third studio album, Delirium?']","['Delirium (Ellie Goulding album)', 'Army (Ellie Goulding song)', 'Delirium World Tour', 'Something in the Way You Move']"
55,Which Australian city founded in 1838 contains a boarding school opened by a Prime Minister of Australia and named after a school in London of the same name.,"Marion, South Australia",Concho Indian Boarding School,vanilla_rag,0.0,0.0,0.5,0.00035083514694633777,bridge,['Which Australian city founded in 1838 contains a boarding school opened by a Prime Minister of Australia and named after a school in London of the same name.'],['Which Australian city founded in 1838 contains a boarding school opened by a Prime Minister of Australia and named after a school in London of the same name.'],"['Westminster School, Adelaide', 'Sainik School Balachadi, Jamnagar', 'Grace Church School', 'Concho Indian Boarding School']"
56,D1NZ is a series based on what oversteering technique?,Drifting,AMD Am2900,vanilla_rag,0.0,0.0,0.5,0.00026746509047370637,bridge,['D1NZ is a series based on what oversteering technique?'],['D1NZ is a series based on what oversteering technique?'],"['D1NZ', 'List of The Office (U.S. TV series) characters', 'AMD Am2900', '300 (film)']"
57,who is younger Keith Bostic or Jerry Glanville ?,Keith Bostic,Jerry Glanville,vanilla_rag,0.0,0.0,1.0,0.18800836369337048,bridge,['who is younger Keith Bostic or Jerry Glanville ?'],['who is younger Keith Bostic or Jerry Glanville ?'],"['Keith Bostic (American football)', 'Keith Bostic', 'Portland State Vikings football under Jerry Glanville', 'Jerry Glanville']"
58,"According to the 2001 census, what was the population of the city in which Kirton End is located?","35,124",330,vanilla_rag,0.0,0.0,0.0,0.015028688798111034,bridge,"['According to the 2001 census, what was the population of the city in which Kirton End is located?']","['According to the 2001 census, what was the population of the city in which Kirton End is located?']","['Kirton, Nottinghamshire', 'Kirton, Suffolk', 'Willoughton', 'White House, Tennessee']"
59,Are both Cypress and Ajuga genera?,no,might contain the genera,vanilla_rag,0.0,0.0,0.0,0.036664718005340546,comparison,['Are both Cypress and Ajuga genera?'],['Are both Cypress and Ajuga genera?'],"['Ajugeae', 'Libocedrus', 'Cypress-pine', 'Fokienia']"
60,What distinction is held by the former NBA player who was a member of the Charlotte Hornets during their 1992-93 season and was head coach for the WNBA team Charlotte Sting?,shortest player ever to play in the National Basketball Association,The shortest player ever to play in the National Basketball Association,vanilla_rag,1.0,1.0,0.5,0.016278160735964775,bridge,['What distinction is held by the former NBA player who was a member of the Charlotte Hornets during their 1992-93 season and was head coach for the WNBA team Charlotte Sting?'],['What distinction is held by the former NBA player who was a member of the Charlotte Hornets during their 1992-93 season and was head coach for the WNBA team Charlotte Sting?'],"['Muggsy Bogues', 'Charlotte Hornets', '2014–15 Charlotte Hornets season', 'Charlotte Hornets draft history']"
61,What is the name of the executive producer of the film that has a score composed by Jerry Goldsmith?,Ronald Shusett,Horner,vanilla_rag,0.0,0.0,0.5,0.02544095571283833,bridge,['What is the name of the executive producer of the film that has a score composed by Jerry Goldsmith?'],['What is the name of the executive producer of the film that has a score composed by Jerry Goldsmith?'],"['Legend (film score)', 'Alien (soundtrack)', 'Aliens (soundtrack)', 'Christus Apollo']"
62,"Who was born earlier, Emma Bull or Virginia Woolf?",Adeline Virginia Woolf,Jane Marcus,vanilla_rag,0.0,0.0,0.5,0.00018301247109775431,comparison,"['Who was born earlier, Emma Bull or Virginia Woolf?']","['Who was born earlier, Emma Bull or Virginia Woolf?']","['Jane de Gay', 'Virginia Woolf', 'Jane Marcus', 'Moments of Being']"
63,What was the Roud Folk Song Index of the nursery rhyme inspiring What Are Little Girls Made Of?,821,12986,vanilla_rag,0.0,0.0,0.5,1.9565825709833007e-05,bridge,['What was the Roud Folk Song Index of the nursery rhyme inspiring What Are Little Girls Made Of?'],['What was the Roud Folk Song Index of the nursery rhyme inspiring What Are Little Girls Made Of?'],"['What Are Little Boys Made Of?', 'Pretty Little Dutch Girl', 'A Wise Old Owl', 'Three Little Kittens']"
64,Scott Parkin has been a vocal critic of Exxonmobil and another corporation that has operations in how many countries ?,more than 70 countries,70,vanilla_rag,0.0,0.4,1.0,0.012741994112730026,bridge,['Scott Parkin has been a vocal critic of Exxonmobil and another corporation that has operations in how many countries ?'],['Scott Parkin has been a vocal critic of Exxonmobil and another corporation that has operations in how many countries ?'],"['Scott Parkin', 'Exxon', 'Mobil Producing Nigeria', 'Halliburton']"
65,What WB supernatrual drama series was Jawbreaker star Rose Mcgowan best known for being in?,Charmed,7th Heaven,vanilla_rag,0.0,0.0,1.0,0.18788284808397293,bridge,['What WB supernatrual drama series was Jawbreaker star Rose Mcgowan best known for being in?'],['What WB supernatrual drama series was Jawbreaker star Rose Mcgowan best known for being in?'],"['Rose McGowan', 'Jawbreaker (film)', 'South Sea Rose', 'Safe Harbor (TV series)']"
66,Vince Phillips held a junior welterweight title by an organization recognized by what larger Hall of Fame?,International Boxing Hall of Fame,Australian National Boxing Hall of Fame,vanilla_rag,0.0,0.7272727272727272,0.5,0.7826757319271564,bridge,['Vince Phillips held a junior welterweight title by an organization recognized by what larger Hall of Fame?'],['Vince Phillips held a junior welterweight title by an organization recognized by what larger Hall of Fame?'],"['Vince Phillips', 'Jeff Malcolm', 'Fatai Onikeke', 'Andrew Murray (Guyanese boxer)']"
67,"What is the name of the singer who's song was released as the lead single from the album ""Confessions"", and that had popular song stuck behind for eight consecutive weeks?",Usher,Taylor Swift,vanilla_rag,0.0,0.0,0.5,0.1303795427083969,bridge,"['What is the name of the singer who\'s song was released as the lead single from the album ""Confessions"", and that had popular song stuck behind for eight consecutive weeks?']","['What is the name of the singer who\'s song was released as the lead single from the album ""Confessions"", and that had popular song stuck behind for eight consecutive weeks?']","['Stay (Sugarland song)', 'No One (Alicia Keys song)', 'Yeah! (Usher song)', ""Can't Touch It""]"
68,who is the younger brother of The episode guest stars of The Hard Easy ,Bill Murray,Kenny,vanilla_rag,0.0,0.0,0.5,0.2663998007774353,bridge,['who is the younger brother of The episode guest stars of The Hard Easy '],['who is the younger brother of The episode guest stars of The Hard Easy '],"['The Hard Easy (Adventure Time)', 'Brother from Another Series', ""Roy's Wedding"", 'The Farm (The Office)']"
69,The 2017–18 Wigan Athletic F.C. season will be a year in which the team competes in the league cup known as what for sponsorship reasons?,Carabao Cup,2006–07,vanilla_rag,0.0,0.0,0.5,7.751309749437496e-05,bridge,['The 2017–18 Wigan Athletic F.C. season will be a year in which the team competes in the league cup known as what for sponsorship reasons?'],['The 2017–18 Wigan Athletic F.C. season will be a year in which the team competes in the league cup known as what for sponsorship reasons?'],"['2017–18 Wigan Athletic F.C. season', 'List of Wigan Borough F.C. players', '2006–07 Wigan Athletic F.C. season', '2007–08 Wigan Athletic F.C. season']"
70,"Which of Tara Strong major voice role in animated series is an American animated television series based on the DC Comics fictional superhero team, the ""Teen Titans""?",Teen Titans Go!,Teen Titans Go!,vanilla_rag,1.0,1.0,1.0,0.04875365737825632,bridge,"['Which of Tara Strong major voice role in animated series is an American animated television series based on the DC Comics fictional superhero team, the ""Teen Titans""?']","['Which of Tara Strong major voice role in animated series is an American animated television series based on the DC Comics fictional superhero team, the ""Teen Titans""?']","['Teen Titans Go! (TV series)', 'List of Teen Titans Go! episodes', 'Teen Titans (season 1)', 'Tara Strong']"
71,What is the inhabitant of the city where  122nd SS-Standarte was formed in2014,"276,170 inhabitants",Strasbourg,vanilla_rag,0.0,0.0,0.5,0.016195570871786913,bridge,['What is the inhabitant of the city where  122nd SS-Standarte was formed in2014'],['What is the inhabitant of the city where  122nd SS-Standarte was formed in2014'],"['122nd SS-Standarte', '122d Fighter Squadron', '122nd Division (Imperial Japanese Army)', '122nd Hydroplane Liaison Squadron']"
72,What color clothing do people of the Netherlands wear during Oranjegekte or to celebrate the national holiday Koningsdag? ,orange,orange,vanilla_rag,1.0,1.0,1.0,0.742488443851471,bridge,['What color clothing do people of the Netherlands wear during Oranjegekte or to celebrate the national holiday Koningsdag? '],['What color clothing do people of the Netherlands wear during Oranjegekte or to celebrate the national holiday Koningsdag? '],"['Oranjegekte', ""Queen's Day (disambiguation)"", 'Koningsdag', 'Christmas in the Basque Country']"
73,"What was the name of the 1996 loose adaptation of William Shakespeare's ""Romeo & Juliet"" written by James Gunn?",Tromeo and Juliet,Tromeo and Juliet,vanilla_rag,1.0,1.0,0.5,0.04289865307509899,bridge,"['What was the name of the 1996 loose adaptation of William Shakespeare\'s ""Romeo & Juliet"" written by James Gunn?']","['What was the name of the 1996 loose adaptation of William Shakespeare\'s ""Romeo & Juliet"" written by James Gunn?']","['Tromeo and Juliet', 'Romeo + Juliet', 'The Tragedy of Romeo and Juliet (film)', 'Romeo and Juliet (1954 film)']"
74,Robert Suettinger was the national intelligence officer under which former Governor of Arkansas?,William Jefferson Clinton,National Intelligence Medal of Achievement,vanilla_rag,0.0,0.0,0.5,0.00012043568438002694,bridge,['Robert Suettinger was the national intelligence officer under which former Governor of Arkansas?'],['Robert Suettinger was the national intelligence officer under which former Governor of Arkansas?'],"['Robert Suettinger', 'Director of the Defense Intelligence Agency', 'National Intelligence Cross', 'National Intelligence Medal of Achievement']"
75,What American professional Hawaiian surfer born 18 October 1992 won the Rip Curl Pro Portugal?,John John Florence,John John Florence,vanilla_rag,1.0,1.0,1.0,0.26936800801195204,bridge,['What American professional Hawaiian surfer born 18 October 1992 won the Rip Curl Pro Portugal?'],['What American professional Hawaiian surfer born 18 October 1992 won the Rip Curl Pro Portugal?'],"['MEO Rip Curl Pro Portugal', 'John John Florence', 'MEO Rip Curl Pro Portugal 2016', 'MEO Rip Curl Pro Portugal 2017']"
76,What is the middle name of the actress who plays Bobbi Bacha in Suburban Madness?,Ann,Sela Ward,vanilla_rag,0.0,0.0,0.5,0.8303392824018374,bridge,['What is the middle name of the actress who plays Bobbi Bacha in Suburban Madness?'],['What is the middle name of the actress who plays Bobbi Bacha in Suburban Madness?'],"['Bobbi Bacha', 'Suburban Madness', 'Chris Funk', 'Milhouse Van Houten']"
77,Alvaro Mexia had a diplomatic mission with which tribe of indigenous people?,Apalachees,Ais,vanilla_rag,0.0,0.0,0.5,0.7943255045975093,bridge,['Alvaro Mexia had a diplomatic mission with which tribe of indigenous people?'],['Alvaro Mexia had a diplomatic mission with which tribe of indigenous people?'],"['Alvaro Mexia', 'Diplomatic mission', 'Head of mission', 'High Commission of Australia, London']"
78,What nationality were social anthropologists Alfred Gell and Edmund Leach?,British,British,vanilla_rag,1.0,1.0,1.0,0.14415306085720658,bridge,['What nationality were social anthropologists Alfred Gell and Edmund Leach?'],['What nationality were social anthropologists Alfred Gell and Edmund Leach?'],"['Alfred Gell', 'Edmund Leach', 'Thomas Hylland Eriksen', 'Social Anthropology (journal)']"
79,In which year was the King who made the 1925 Birthday Honours born?,1865,1951,vanilla_rag,0.0,0.0,0.5,0.0024383731943089515,bridge,['In which year was the King who made the 1925 Birthday Honours born?'],['In which year was the King who made the 1925 Birthday Honours born?'],"['1925 Birthday Honours', '1951 Birthday Honours', 'Birthday Honours', '1965 Birthday Honours']"
80,"What is the county seat of the county where East Lempster, New Hampshire is located?",Newport,Sullivan County,vanilla_rag,0.0,0.0,1.0,0.2669976642355323,bridge,"['What is the county seat of the county where East Lempster, New Hampshire is located?']","['What is the county seat of the county where East Lempster, New Hampshire is located?']","['East Lempster, New Hampshire', 'Lempster, New Hampshire', 'Sullivan County, New Hampshire', 'Dover, New Hampshire']"
81,The Album Against the Wind was the 11th Album of a Rock singer Robert C Seger born may 6 1945. What was the Rock singers stage name ?,Bob Seger,Silver Bullet Band,vanilla_rag,0.0,0.0,1.0,0.1248183324933052,bridge,['The Album Against the Wind was the 11th Album of a Rock singer Robert C Seger born may 6 1945. What was the Rock singers stage name ?'],['The Album Against the Wind was the 11th Album of a Rock singer Robert C Seger born may 6 1945. What was the Rock singers stage name ?'],"['Against the Wind (album)', 'Bob Seger', 'Ride Out (album)', 'Stranger in Town (album)']"
82,Rostker v. Goldberg held that the practice of what way of filling armed forces vacancies was consitutional?,Conscription,requiring only men to register for the draft,vanilla_rag,0.0,0.0,0.5,0.44057270884513855,bridge,['Rostker v. Goldberg held that the practice of what way of filling armed forces vacancies was consitutional?'],['Rostker v. Goldberg held that the practice of what way of filling armed forces vacancies was consitutional?'],"['Rostker v. Goldberg', 'Russian Civil War', 'Fernando Tapias Stahelin', '2010 Kiev Victory Day Parade']"
83,"Handi-Snacks are a snack food product line sold by what American multinational confectionery, food, and beverage company that is based in Illinois?","Mondelez International, Inc.",Mondelez International,vanilla_rag,0.0,0.8,1.0,0.5820841116365045,bridge,"['Handi-Snacks are a snack food product line sold by what American multinational confectionery, food, and beverage company that is based in Illinois?']","['Handi-Snacks are a snack food product line sold by what American multinational confectionery, food, and beverage company that is based in Illinois?']","['Handi-Snacks', 'Mondelez International', 'PepsiCo', 'Snack Foods Limited']"
84,"What was the name of a woman from the book titled ""Their Lives: The Women Targeted by the Clinton Machine "" and was also a former white house intern?",Monica Lewinsky,Candice E. Jackson,vanilla_rag,0.0,0.0,0.5,0.9071447671158239,bridge,"['What was the name of a woman from the book titled ""Their Lives: The Women Targeted by the Clinton Machine "" and was also a former white house intern?']","['What was the name of a woman from the book titled ""Their Lives: The Women Targeted by the Clinton Machine "" and was also a former white house intern?']","['Their Lives', 'The White House Doctor', 'Marianne Schnall', 'Lewinsky scandal']"
85,"When was the American lawyer, lobbyist and political consultant who was a senior member of the presidential campaign of Donald Trump born?","April 1, 1949","January 3, 1976",vanilla_rag,0.0,0.0,1.0,0.9568037390708923,bridge,"['When was the American lawyer, lobbyist and political consultant who was a senior member of the presidential campaign of Donald Trump born?']","['When was the American lawyer, lobbyist and political consultant who was a senior member of the presidential campaign of Donald Trump born?']","['Paul Manafort', 'David Urban', 'Trump campaign–Russian meeting', 'Brad Parscale']"
86,"In what year was the novel that Lourenço Mutarelli based ""Nina"" on based first published?",1866,2004,vanilla_rag,0.0,0.0,0.5,0.08108048141002655,bridge,"['In what year was the novel that Lourenço Mutarelli based ""Nina"" on based first published?']","['In what year was the novel that Lourenço Mutarelli based ""Nina"" on based first published?']","['Lourenço Mutarelli', '4 a.m. (novel)', 'Drained', 'Quando Eu Era Vivo']"
87,Where are Teide National Park and Garajonay National Park located?,"Canary Islands, Spain",Tenerife,vanilla_rag,0.0,0.0,1.0,0.3602319359779358,comparison,['Where are Teide National Park and Garajonay National Park located?'],['Where are Teide National Park and Garajonay National Park located?'],"['Teide National Park', 'Garajonay National Park', 'Alpine National Park', 'Crater Lake National Park']"
88,How many copies of Roald Dahl's variation on a popular anecdote sold?,250 million,250 million,vanilla_rag,1.0,1.0,1.0,0.02092866785824299,bridge,"[""How many copies of Roald Dahl's variation on a popular anecdote sold?""]","[""How many copies of Roald Dahl's variation on a popular anecdote sold?""]","[""Mrs. Bixby and the Colonel's Coat"", 'Roald Dahl', 'The Best of Roald Dahl', 'The Collected Short Stories of Roald Dahl']"
89,What occupation do Chris Menges and Aram Avakian share?,director,cinematographer,vanilla_rag,0.0,0.0,1.0,0.1685771346092224,comparison,['What occupation do Chris Menges and Aram Avakian share?'],['What occupation do Chris Menges and Aram Avakian share?'],"['Chris Menges', 'Aram Avakian', 'End of the Road (1970 film)', 'Cops and Robbers (1973 film)']"
90,Andrew Jaspan was the co-founder of what not-for-profit media outlet?,The Conversation,The Conversation,vanilla_rag,1.0,1.0,1.0,0.43873900175094604,bridge,['Andrew Jaspan was the co-founder of what not-for-profit media outlet?'],['Andrew Jaspan was the co-founder of what not-for-profit media outlet?'],"['Andrew Jaspan', 'The Conversation (website)', '14ymedio', 'Rainbow Terrace']"
91,Which American film director hosted the 18th Independent Spirit Awards in 2002?,John Waters,John Waters,vanilla_rag,1.0,1.0,0.5,0.9125933647155762,bridge,['Which American film director hosted the 18th Independent Spirit Awards in 2002?'],['Which American film director hosted the 18th Independent Spirit Awards in 2002?'],"['18th Independent Spirit Awards', '28th Independent Spirit Awards', '32nd Independent Spirit Awards', 'Independent Spirit Award for Best Cinematography']"
92,Where does the hotel and casino located in which Bill Cosby's third album was recorded?,Las Vegas Strip in Paradise,"Las Vegas, Nevada",vanilla_rag,0.0,0.5,0.5,0.34894153475761414,bridge,"[""Where does the hotel and casino located in which Bill Cosby's third album was recorded?""]","[""Where does the hotel and casino located in which Bill Cosby's third album was recorded?""]","['Why Is There Air?', 'The Original Jam Sessions 1969', 'Bill Cosby Is a Very Funny Fellow...Right!', 'Hikky Burr']"
93,Do the drinks Gibson and Zurracapote both contain gin?,no,gin and vermouth,vanilla_rag,0.0,0.0,0.5,0.07489661872386932,comparison,['Do the drinks Gibson and Zurracapote both contain gin?'],['Do the drinks Gibson and Zurracapote both contain gin?'],"['Gibson (cocktail)', 'Mário-Henrique Leiria', 'Phillips Distilling Company', 'List of soft drinks by country']"
94,"In what month is the annual documentary film festival, that is presented by the fortnightly published British journal of literary essays, held? ",March and April,March and April,vanilla_rag,1.0,1.0,1.0,0.1291102021932602,bridge,"['In what month is the annual documentary film festival, that is presented by the fortnightly published British journal of literary essays, held? ']","['In what month is the annual documentary film festival, that is presented by the fortnightly published British journal of literary essays, held? ']","['London International Documentary Festival', 'New Haven Documentary Film Festival', 'Chagrin Documentary Film Festival', 'London Review of Books']"
95,Tysons Galleria is located in what county?,Fairfax County,Fairfax County,vanilla_rag,1.0,1.0,0.5,0.11443678154682857,bridge,['Tysons Galleria is located in what county?'],['Tysons Galleria is located in what county?'],"['Tysons Galleria', 'Tysons, Virginia', 'Spring Hill station', 'Tysons Corner Center']"
96,Bordan Tkachuk was the CEO of a company that provides what sort of products?,IT products and services,ancillary,vanilla_rag,0.0,0.0,0.5,0.3213062286376953,bridge,['Bordan Tkachuk was the CEO of a company that provides what sort of products?'],['Bordan Tkachuk was the CEO of a company that provides what sort of products?'],"['Bordan Tkachuk', 'What You See Is What You Get (book)', 'Jonathan Michael Ansell', 'Cardinal Health']"
97,"Which filmmaker was known for animation, Lev Yilmaz or Pamela B. Green?",Levni Yilmaz,Levni Yilmaz,vanilla_rag,1.0,1.0,1.0,0.0695817997911945,comparison,"['Which filmmaker was known for animation, Lev Yilmaz or Pamela B. Green?']","['Which filmmaker was known for animation, Lev Yilmaz or Pamela B. Green?']","['Pamela B. Green', 'Lev Yilmaz', 'Eliezer ben Jacob I', 'Lev Kuleshov']"
98,In which city is the ambassador of the Rabat-Salé-Kénitra administrative region to China based?,Beijing,Beijing,vanilla_rag,1.0,1.0,1.0,0.06724970042705536,bridge,['In which city is the ambassador of the Rabat-Salé-Kénitra administrative region to China based?'],['In which city is the ambassador of the Rabat-Salé-Kénitra administrative region to China based?'],"['Rabat', 'Moroccan Ambassador to China', 'Sinuiju Special Administrative Region', 'Xiapu County']"
99,Are Yingkou and Fuding the same level of city?,no,Tongcheng Subdistrict,vanilla_rag,0.0,0.0,0.5,0.017645595595240593,comparison,['Are Yingkou and Fuding the same level of city?'],['Are Yingkou and Fuding the same level of city?'],"['Yingkou', 'Yingkou East Railway Station', 'Roman Catholic Diocese of Yingkou', 'Tongcheng Subdistrict, Fuding']"
100,Where did the descendants of the group of black Indians associated with the Seminole people settle?,"Coahuila, Mexico",Florida and Oklahoma,vanilla_rag,0.0,0.0,0.5,0.5624211430549622,bridge,['Where did the descendants of the group of black Indians associated with the Seminole people settle?'],['Where did the descendants of the group of black Indians associated with the Seminole people settle?'],"['Black Seminoles', 'Seminole', 'Seminole Nation of Oklahoma', 'Indigenous peoples of Florida']"
101,David Huntsinger has worked with this gospel singer born in the month of July?,Larnelle Harris,"July 6, 1947",vanilla_rag,0.0,0.0,0.5,0.009392075124196708,bridge,['David Huntsinger has worked with this gospel singer born in the month of July?'],['David Huntsinger has worked with this gospel singer born in the month of July?'],"['Karen Clark Sheard', 'Just as I Am (Yolanda Adams album)', 'Larnelle Harris', 'Muyiwa Olarewaju']"
102,What year was the brother of this first round draft pick by the Washington Redskins drafted?,2003,1999,vanilla_rag,0.0,0.0,0.5,0.09243013709783554,bridge,['What year was the brother of this first round draft pick by the Washington Redskins drafted?'],['What year was the brother of this first round draft pick by the Washington Redskins drafted?'],"['Jeris White', 'Champ Bailey', 'Ron Snidow', 'D. J. Smith (American football)']"
103,Where is the stadium at which 1964 Georgia Tech Yellow Jackets football team played their home game located? ,North Avenue at Techwood Drive,"Grant Field in Atlanta, Georgia",vanilla_rag,0.0,0.0,0.5,0.242150929319223,bridge,['Where is the stadium at which 1964 Georgia Tech Yellow Jackets football team played their home game located? '],['Where is the stadium at which 1964 Georgia Tech Yellow Jackets football team played their home game located? '],"['1964 Georgia Tech Yellow Jackets football team', '1987 Georgia Tech Yellow Jackets football team', '1953 Georgia Tech Yellow Jackets football team', '1988 Georgia Tech Yellow Jackets football team']"
104,"Since 2 June 2017, The Leader of Fine Gael had been held by which Irish Fine Gael politician who has served as Taoiseach and Minister for Defence?",Leo Varadkar,Leo Varadkar,vanilla_rag,1.0,1.0,1.0,0.28457363322377205,bridge,"['Since 2 June 2017, The Leader of Fine Gael had been held by which Irish Fine Gael politician who has served as Taoiseach and Minister for Defence?']","['Since 2 June 2017, The Leader of Fine Gael had been held by which Irish Fine Gael politician who has served as Taoiseach and Minister for Defence?']","['Leo Varadkar', 'Leader of Fine Gael', 'Enda Kenny', 'Liam Cosgrave']"
105,Which American film actor and dancer starred in the 1945 film Johnny Angel?,George Raft,George Raft,vanilla_rag,1.0,1.0,0.5,0.3234439790248871,bridge,['Which American film actor and dancer starred in the 1945 film Johnny Angel?'],['Which American film actor and dancer starred in the 1945 film Johnny Angel?'],"['Johnny Angel', 'Johnny Angel (song)', 'City of Angels (film)', 'Sveinn Ólafur Gunnarsson']"
106,hree Men on a Horse is a play by a playwright born in which year ?,1887,1888,vanilla_rag,0.0,0.0,0.5,0.015500965062528849,bridge,['hree Men on a Horse is a play by a playwright born in which year ?'],['hree Men on a Horse is a play by a playwright born in which year ?'],"['Three Men on a Horse', 'Is He Dead?', 'In the Company of Men', 'The Lady from the Sea']"
107,What type of activity does Owner earnings and Warren Buffett have in common?,business,charitable giving,vanilla_rag,0.0,0.0,1.0,0.008912982419133186,bridge,['What type of activity does Owner earnings and Warren Buffett have in common?'],['What type of activity does Owner earnings and Warren Buffett have in common?'],"['Owner earnings', 'Warren Buffett', 'George D. Buffett', 'Buffett Foundation']"
108,When was the  former Indian cricketer who made his ODI debuts during the 2000 ICC KnockOut Trophy born? ,7 October 1978,Yuvraj Singh and Marlon Samuels,vanilla_rag,0.0,0.0,0.5,0.02338699996471405,bridge,['When was the  former Indian cricketer who made his ODI debuts during the 2000 ICC KnockOut Trophy born? '],['When was the  former Indian cricketer who made his ODI debuts during the 2000 ICC KnockOut Trophy born? '],"['2000 ICC KnockOut Trophy', '2000 ICC KnockOut Trophy squads', '1998 ICC KnockOut Trophy squads', '1998 ICC KnockOut Trophy Final']"
109,"Which airplane was this Major test-flying after whom the base, that 514th Flight Test Squadron is stated at, is named?",B-17 Flying Fortress bomber,McDonnell Douglas C-17 Globemaster III,vanilla_rag,0.0,0.0,0.5,0.3433913290500641,bridge,"['Which airplane was this Major test-flying after whom the base, that 514th Flight Test Squadron is stated at, is named?']","['Which airplane was this Major test-flying after whom the base, that 514th Flight Test Squadron is stated at, is named?']","['514th Flight Test Squadron', '370th Flight Test Squadron', '415th Flight Test Flight', '417th Flight Test Squadron']"
110,"Based on a True Story... is an album by which country music star, with the single My Eyes?",Blake Shelton,Blake Shelton,vanilla_rag,1.0,1.0,1.0,0.37733032926917076,bridge,"['Based on a True Story... is an album by which country music star, with the single My Eyes?']","['Based on a True Story... is an album by which country music star, with the single My Eyes?']","['My Eyes (Blake Shelton song)', 'Based on a True Story...', 'Country Music Star No. 1', 'Stranger in the House (song)']"
111,"Over how many centuries were the ""dwelling place of the dead"" built?",three centuries,12th century,vanilla_rag,0.0,0.0,0.0,5.843361941515468e-05,bridge,"['Over how many centuries were the ""dwelling place of the dead"" built?']","['Over how many centuries were the ""dwelling place of the dead"" built?']","['Heaven in Judaism', 'Tabernacle', 'Vídbláin', 'Château de Druyes']"
112,"When was the British author who wrote the novel on which ""Here We Go Round the Mulberry Bush"" was based born? ",7 January 1936,1967,vanilla_rag,0.0,0.0,0.5,0.017760490998625755,bridge,"['When was the British author who wrote the novel on which ""Here We Go Round the Mulberry Bush"" was based born? ']","['When was the British author who wrote the novel on which ""Here We Go Round the Mulberry Bush"" was based born? ']","['Here We Go Round the Mulberry Bush (film)', 'Here We Go Round the Mulberry Bush (disambiguation)', 'Here We Go Round the Mulberry Bush (Traffic song)', 'Here We Go Round the Mulberry Bush']"
113,"Who died first, George Archainbaud or Ralph Murphy?",George Archainbaud,Ralph Murphy,vanilla_rag,0.0,0.0,1.0,0.006109972717240453,comparison,"['Who died first, George Archainbaud or Ralph Murphy?']","['Who died first, George Archainbaud or Ralph Murphy?']","['George Archainbaud', 'Ralph Murphy', 'The Big Shot (1931 film)', 'Campus Confessions']"
114,Which component of shellite has the formula (ON)CHOH?,picric acid,isomeric alcohols,vanilla_rag,0.0,0.0,0.0,4.9030926476234526e-05,bridge,['Which component of shellite has the formula (ON)CHOH?'],['Which component of shellite has the formula (ON)CHOH?'],"['Index of alcohol-related articles', 'Aldonic acid', 'Tetrakis(hydroxymethyl)phosphonium chloride', '1-Hexanol']"
115,The Argentine PGA Championship record holder has won how many tournaments worldwide?,230,230,vanilla_rag,1.0,1.0,1.0,0.2555291950702667,bridge,['The Argentine PGA Championship record holder has won how many tournaments worldwide?'],['The Argentine PGA Championship record holder has won how many tournaments worldwide?'],"['Argentine PGA Championship', 'Roberto De Vicenzo', 'Middle Atlantic PGA Championship', 'Northern California PGA Championship']"
116,Suicide's 1977 released album features a song based on what brand's comic character?,Marvel,Marvel,vanilla_rag,1.0,1.0,1.0,0.7631445527076721,bridge,"[""Suicide's 1977 released album features a song based on what brand's comic character?""]","[""Suicide's 1977 released album features a song based on what brand's comic character?""]","['Ghost Rider (Suicide song)', 'Suicide (1977 album)', ""A Boy in a Man's World"", 'Everglow']"
117,What other political position did the person who introduced the DISCLOSE Act hold?,United States Senator,Chris Van Hollen,vanilla_rag,0.0,0.0,0.5,0.09286084026098251,bridge,['What other political position did the person who introduced the DISCLOSE Act hold?'],['What other political position did the person who introduced the DISCLOSE Act hold?'],"['DISCLOSE Act', 'Public Law 113-167', 'Campaign finance reform in the United States', 'Modernization of Investigative Techniques Act']"
118,Were the bands Skin Yard and Ostava from the U.S.?,no,United States of America,vanilla_rag,0.0,0.0,0.5,0.014831292442977428,comparison,['Were the bands Skin Yard and Ostava from the U.S.?'],['Were the bands Skin Yard and Ostava from the U.S.?'],"['Skin Yard (album)', 'Skin Yard', 'Daniel House', 'Jack Endino']"
119,Are Daryl Hall and Gerry Marsden both musicians?,yes,Hall & Oates,vanilla_rag,0.0,0.0,1.0,0.02203698270022869,comparison,['Are Daryl Hall and Gerry Marsden both musicians?'],['Are Daryl Hall and Gerry Marsden both musicians?'],"['Gerry Marsden', 'Hall &amp; Oates', 'Jonathan Wolfson', 'Daryl Hall']"
